url,name,tags,note
https://community.withairbnb.com/t5/Community-Center/ct-p/community-center,Airbnb,forum product free,
https://vc1.akimbo.com/,Akimbo Virtual Coworking,forum free,
https://discuss.bootstrapped.fm/,Bootstrapped.fm,forum free,
https://community.buffer.com/,Buffer Community,forum product free,
https://www.contentfulcommunity.com,Contentful,forum product free,
https://convertkit.com/community,Convertkit,forum product free,with free account
https://dev.to/t/stimulus,dev.to/r/stimulus,dev.to free,
https://dev.to/t/rails,dev.to/t/rails,dev.to free,
https://meta.discourse.org,Discourse,forum product free,
https://community.freelance.camp/,Freelance Camp,forum paid,Paid
https://about.gitlab.com/community/,Gitlab,forum product free,with free account
https://www.indiehackers.com/,Indie Hackers,forum free,
https://club.megamaker.co/,MegaMaker Forum,forum paid,Paid
https://community.netlify.com/,Netlify Community,forum product free,
https://www.producthunt.com/makers/discussions,Product Hunt Makers Forum,forum free,
https://www.reddit.com/r/Entrepreneur/,r/Entrepreneur,reddit free,
https://www.reddit.com/r/SaaS/,r/SaaS,reddit free,
https://www.reddit.com/r/smallbusiness/,r/smallbusiness,reddit free,
https://discourse.roots.io/,Roots Discourse,forum product free,
http://www.rubyflow.com/,RubyFlow,forum free,
https://community.segment.com,Segment,forum product free,
https://community.shopify.com/c/Shopify-Community/ct-p/en,Shopify Community,product forum free,
https://forum.squarespace.com,Squarespace,forum product free,
https://statamic.com/forum,Statamic Forum,forum product free,
https://discourse.stimulusjs.org/,Stimulus Discourse,forum discourse free,
https://community.unbounce.com,Unbounce,forum product free,
https://forum.vuejs.org/,Vue Forum,forum free,
https://spectrum.chat/wip?tab=posts,Work In Progress,spectrum free,
